run,test,mode,payload_bytes,app_sendto_packets,app_overdrive_packets,app_overdrive_pct,sent_packets,received_packets,lost_packets,loss_pct,loss_ci95_low_pct,loss_ci95_high_pct,udp_goodput_mbps,wire_utilization_pct,theoretical_udp_mbps,rtt_count,rtt_ok,rtt_lost,build_median_ns,build_mean_ns,build_std_ns,build_p95_ns,build_p99_ns,sendto_median_ns,sendto_mean_ns,sendto_std_ns,sendto_p95_ns,sendto_p99_ns,rtt_mean_us,rtt_std_us,rtt_median_us,rtt_p95_us,rtt_p99_us,rtt_max_us,rtt_jitter_us,fpga_rx_delta,fpga_tx_delta,iface_tx_packets_delta,iface_rx_packets_delta,iface_tx_bytes_delta,iface_rx_bytes_delta,iface_tx_errors_delta,iface_rx_errors_delta,iface_tx_dropped_delta,iface_rx_dropped_delta,iface_tx_fifo_errors_delta,iface_rx_fifo_errors_delta,iface_rx_missed_errors_delta,udp_out_datagrams_delta,udp_in_datagrams_delta,udp_in_errors_delta,udp_rcvbuf_errors_delta,udp_sndbuf_errors_delta,udp_no_ports_delta,udp_in_csum_errors_delta,ip_out_requests_delta,ip_in_receives_delta,ip_in_delivers_delta,ip_in_discards_delta,ip_out_discards_delta,ip_in_hdr_errors_delta,ip_in_addr_errors_delta,fpga_rx_flood_packets,fpga_tx_flood_packets,loopback_internal_lost,loopback_internal_loss_pct,loopback_return_lost,loopback_return_loss_pct,fpga_rx_bad_delta,fpga_tx_bad_delta,repetitions,udp_goodput_mbps_min,udp_goodput_mbps_max,udp_goodput_mbps_std,wire_utilization_pct_min,wire_utilization_pct_max,wire_utilization_pct_std,loss_pct_min,loss_pct_max,loss_pct_std,rtt_mean_us_min,rtt_mean_us_max,rtt_mean_us_std,build_mean_ns_min,build_mean_ns_max,build_mean_ns_std,sendto_mean_ns_min,sendto_mean_ns_max,sendto_mean_ns_std,_device,_runs_dir
aggregate,loopback,loopback,256,5689288,3735553,65.6293237617403,1953735,1940986,12749,0.6525279037675743,0.6413345546942268,0.6639153077249491,795.0275415478957,99.99955796032125,795.0310559006211,10000,10000,0,60.0,57.3019,11.763232238732858,60.0,66.66666666666667,736.6666666666666,760.5929333333333,277.9584524352136,886.6666666666666,1013.3333333333334,47.40653746666666,1.462078024550205,47.65,48.74635,49.49336666666667,84.573,0.9707218055138848,1963738,1963730,1953740,1951002,582228197,581406046,0,0,0,0,0,0,0,5699288,1950986,0,0,0,257,0,5699294,1951241,1951241,0,0,0,0,1953735,1953727,8,0.0004094721138061259,12741,0.6521211019076976,58,0,3,795.0263020988251,795.0284897000087,0.0011225151102284064,99.99940206086785,99.9996772200792,0.00014119135370320524,0.6502570265789489,0.6545274381505352,0.0021480977483168454,47.030461499999994,47.7947634,0.38229578189329505,57.1878,57.4489,0.13362301448478103,722.7278,805.3218,41.722599816566266,server-eth0,test/server/eth0/runs
aggregate,loopback,loopback,512,6379374,5286552,82.80098266998786,1092823,1081309,11513,1.0535408359267753,1.0345696383823575,1.07285614263408,885.8075501019811,99.99936796073145,885.8131487889274,10000,10000,0,80.0,83.04043333333333,8.676800767926025,90.0,96.66666666666667,780.0,785.6820666666666,290.26553106947506,886.3499999999998,1080.0,60.20449733333333,1.2552217709785656,60.21666666666667,61.286350000000006,65.14003,103.58633333333333,0.8814887822115545,1102826,1102818,1092715,1091315,605376097,604594419,0,0,0,0,0,0,0,6389374,1091309,0,0,0,114,0,6389380,1091421,1091421,0,0,0,0,1092823,1092815,8,0.0007320492378320949,11505,1.0528164938238773,77,0,3,885.8070916071033,885.8081560019267,0.0005472935917449212,99.99931620095815,99.99943636115499,6.178431562111686e-05,1.052244357878381,1.0556820344640792,0.0018680389731620239,60.172359799999995,60.2278868,0.02877861072139298,82.7149,83.2956,0.296676125317376,780.868,790.6202,4.8772836306014495,server-eth0,test/server/eth0/runs
aggregate,loopback,loopback,768,6276844,5516810,87.86415068656468,760034,749386,10648,1.4009681832326089,1.3748015161899163,1.4276261193821829,920.8449102623499,99.99800197380206,920.863309352518,10000,10000,0,110.0,108.5865,10.592188066222432,110.0,120.0,723.3333333333334,756.4584666666667,306.167014813964,876.6666666666666,1073.4000000000015,72.31498146666668,1.6624354134893253,72.77666666666667,73.96,75.86006333333333,134.016,0.6366726672667267,770037,770029,760335,759390,615881367,615111030,0,0,0,0,0,0,0,6286844,759386,0,0,0,77,0,6286850,759462,759462,0,0,0,0,760034,760026,8,0.0010525851891977477,10640,1.3999303328115271,65,0,3,920.8402561007359,920.8478646349347,0.004079143319534031,99.9974965609393,99.99832280019993,0.00044296946984804695,1.2870838481580908,1.4580456822754349,0.09862682011572825,71.2457689,72.85287330000001,0.9259710737259854,108.2698,108.8089,0.28164972927378795,742.6508,766.2476,12.300963383952231,server-eth0,test/server/eth0/runs
aggregate,loopback,loopback,1024,5940239,5355830,90.16084284019733,584409,573365,11044,1.8897723556627675,1.8551771461286968,1.9250000408905898,939.4011321428013,99.99484707379428,939.4495412844037,10000,10000,0,130.0,133.97653333333332,19.163173923872346,140.0,146.66666666666666,753.3333333333334,772.4127,322.7068410068462,876.6666666666666,1036.6666666666667,84.0642685,1.4924378448814408,84.32933333333334,85.03635,86.86033000000002,134.15666666666667,0.6455779911324466,594412,594404,584271,583370,622837454,621878461,0,0,0,0,0,0,0,5950239,583365,0,0,0,58,0,5950245,583422,583422,0,0,0,0,584409,584401,8,0.0013689043129115532,11036,1.8884293021393772,65,0,3,939.384761358266,939.4191656889566,0.017262331091721865,99.99310448051855,99.99676666025026,0.0018374942275345058,1.886921598724142,1.8914155673048956,0.0024784193820901095,83.5367951,84.3337466,0.45684144345125544,133.8895,134.1387,0.14056643743559075,743.8468,787.9397,24.77005535944559,server-eth0,test/server/eth0/runs
aggregate,loopback,loopback,1280,5907323,5432192,91.9495371395493,475131,464295,10836,2.2807026421328493,2.238638048254037,2.3235388552308707,950.8758962901234,99.99054346925828,950.9658246656761,10000,10000,0,160.0,159.36579999999998,31.718123884606836,160.0,173.33333333333334,793.3333333333334,799.8199666666667,294.56679441806875,893.3333333333334,1016.6666666666666,96.00633736666667,1.7497373406635697,96.669,97.24933333333334,98.94973666666667,143.913,0.569873354002067,485134,485126,475009,474298,627968373,627027685,0,0,0,0,0,0,0,5917323,474295,0,0,0,44,0,5917329,474339,474339,0,0,0,0,475131,475123,8,0.0016837449871699014,10828,2.279057270656597,71,0,3,950.8719449508325,950.8779632440122,0.0034231775380042344,99.99012796123597,99.99076082237818,0.0003599685129899127,2.2763101675187483,2.283728722239995,0.003893457846119664,95.5499281,96.71120140000001,0.6192222925838239,158.8995,159.6024,0.4038423826197536,784.7322,821.6851,19.386302607855207,server-eth0,test/server/eth0/runs
aggregate,loopback,loopback,1440,5869277,5444359,92.75790062791867,424918,414959,9958,2.3429653103274126,2.2979855246821286,2.388806789789432,956.0661670913128,99.98858664163312,956.1752988047808,10000,10000,0,170.0,175.355,18.650034467678854,180.0,190.0,803.3333333333334,804.2692,288.636112272186,893.3333333333334,1070.033333333334,104.33997526666667,1.0493583900615682,104.33633333333333,105.28268333333332,106.83009666666668,149.279,0.6955161849518285,434921,434913,425564,424962,630687513,629799612,0,0,0,0,0,0,0,5879277,424959,0,0,0,42,0,5879283,425000,425000,0,0,0,0,424918,424910,8,0.0018827297339573277,9950,2.3411266458742763,68,0,3,956.0631027402685,956.0677126517808,0.0026538396049145857,99.98826616158642,99.98874828149873,0.00027754739200421344,1.9929239155593552,2.5197094558404824,0.30314963930677674,104.3310208,104.35757790000001,0.015245096920764369,175.1063,175.7714,0.3628801041666516,795.3943,808.8352,7.6869638095934425,server-eth0,test/server/eth0/runs
aggregate,tx,random,256,0,0,0.0,1000000,1000000,0,0.0,4.2351647362715017e-20,0.0003841444063944942,795.0223177537696,99.99890090496633,795.0310559006211,0,0,0,0.0,0.0,0.0,0.0,0.0,0.0,0.0,0.0,0.0,0.0,0.0,0.0,0.0,0.0,0.0,0.0,0.0,2,1000001,1,1000000,60,298000000,0,0,0,0,0,0,0,1,1000000,0,0,0,0,0,1,1000000,1000000,0,0,0,0,,,,,,,0,0,3,795.0217776631591,795.0228238960475,0.0005239419635179056,99.99883297169424,99.99896456817471,6.590207508994306e-05,0.0,0.0,0.0,0.0,0.0,0.0,0.0,0.0,0.0,0.0,0.0,0.0,server-eth0,test/server/eth0/runs
aggregate,tx,random,512,0,0,0.0,1000000,1000000,0,0.0,4.2351647362715017e-20,0.0003841444063944942,885.8078390528523,99.9994005805759,885.8131487889274,0,0,0,0.0,0.0,0.0,0.0,0.0,0.0,0.0,0.0,0.0,0.0,0.0,0.0,0.0,0.0,0.0,0.0,0.0,2,1000001,1,1000000,60,554000000,0,0,0,0,0,0,0,1,1000000,0,0,0,0,0,1,1000000,1000000,0,0,0,0,,,,,,,0,0,3,885.8057790151114,885.8092312286379,0.0018204324353149172,99.99916802162781,99.99955774417046,0.00020550975539284654,0.0,0.0,0.0,0.0,0.0,0.0,0.0,0.0,0.0,0.0,0.0,0.0,server-eth0,test/server/eth0/runs
aggregate,tx,random,768,0,0,0.0,1000000,1000000,0,0.0,4.2351647362715017e-20,0.0003841444063944942,920.8587292584169,99.99950263040621,920.863309352518,0,0,0,0.0,0.0,0.0,0.0,0.0,0.0,0.0,0.0,0.0,0.0,0.0,0.0,0.0,0.0,0.0,0.0,0.0,2,1000001,1,1000000,60,810000000,0,0,0,0,0,0,0,1,1000000,0,0,0,0,0,1,1000000,1000000,0,0,0,0,,,,,,,0,0,3,920.858052511765,920.8593816222599,0.0006648906436037021,99.99942913994947,99.99957347304229,7.220296833557078e-05,0.0,0.0,0.0,0.0,0.0,0.0,0.0,0.0,0.0,0.0,0.0,0.0,server-eth0,test/server/eth0/runs
aggregate,tx,random,1024,0,0,0.0,1000000,1000000,0,0.0,4.2351647362715017e-20,0.0003841444063944942,939.4473442860145,99.99976613981991,939.4495412844037,0,0,0,0.0,0.0,0.0,0.0,0.0,0.0,0.0,0.0,0.0,0.0,0.0,0.0,0.0,0.0,0.0,0.0,0.0,2,1000001,1,1000000,60,1066000000,0,0,0,0,0,0,0,1,1000000,0,0,0,0,0,1,1000000,1000000,0,0,0,0,,,,,,,0,0,3,939.4461157535898,939.4487196977138,0.0013081710099524353,99.99963536830204,99.99991254594805,0.0001392486719542577,0.0,0.0,0.0,0.0,0.0,0.0,0.0,0.0,0.0,0.0,0.0,0.0,server-eth0,test/server/eth0/runs
aggregate,tx,random,1280,0,0,0.0,1000000,1000000,0,0.0,4.2351647362715017e-20,0.0003841444063944942,950.963975108238,99.99980550747564,950.9658246656761,0,0,0,0.0,0.0,0.0,0.0,0.0,0.0,0.0,0.0,0.0,0.0,0.0,0.0,0.0,0.0,0.0,0.0,0.0,2,1000001,1,1000000,60,1322000000,0,0,0,0,0,0,0,1,1000000,0,0,0,0,0,1,1000000,1000000,0,0,0,0,,,,,,,0,0,3,950.9632058959934,950.9646613059543,0.0007312476307837513,99.99972462000055,99.99987766545426,7.689525867804796e-05,0.0,0.0,0.0,0.0,0.0,0.0,0.0,0.0,0.0,0.0,0.0,0.0,server-eth0,test/server/eth0/runs
aggregate,tx,random,1440,0,0,0.0,1000000,1000000,0,0.0,4.2351647362715017e-20,0.0003841444063944942,956.1744170210728,99.99990778012054,956.1752988047808,0,0,0,0.0,0.0,0.0,0.0,0.0,0.0,0.0,0.0,0.0,0.0,0.0,0.0,0.0,0.0,0.0,0.0,0.0,2,1000001,1,1000000,60,1482000000,0,0,0,0,0,0,0,1,1000000,0,0,0,0,0,1,1000000,1000000,0,0,0,0,,,,,,,0,0,3,956.1739400981196,956.1753169790958,0.0007798521066898217,99.99985790192834,100.00000190073044,8.155953282937007e-05,0.0,0.0,0.0,0.0,0.0,0.0,0.0,0.0,0.0,0.0,0.0,0.0,server-eth0,test/server/eth0/runs
aggregate,loopback,loopback,256,6785043,4831258,71.20341422253223,1953786,1940979,12807,0.6554796081574767,0.6442610526337244,0.666892201925711,795.0240368920216,99.9991171403246,795.0310559006211,10000,10000,0,60.0,57.28686666666667,7.4264889563121335,60.0,60.0,833.3333333333334,843.1996666666666,273.3710151021554,930.0,1016.6666666666666,42.89244703333333,6.637074580124445,44.763,55.18683333333333,61.626666666666665,93.033,1.122085741907524,1963789,1963781,1953626,1950983,582180647,581398695,0,0,0,0,0,0,0,6795043,1950979,0,0,0,27,0,6795047,1951006,1951006,0,0,0,0,1953786,1953778,8,0.00040946149501463737,12799,0.6550728289334536,76,0,3,795.0183715058412,795.0312567248739,0.006581750961681578,99.99840454096909,100.00002525992555,0.0008278608631543783,0.6542183314208033,0.6563121226576367,0.0011107962132880808,37.6058369,52.4851617,8.321987672123118,57.1678,57.353,0.10332576316356583,830.3205,866.8053,20.4713940200303,server-nic0,test/server/nic0/runs
aggregate,loopback,loopback,512,6824322,5731451,83.98534140380099,1092870,1081310,11561,1.0578259820085778,1.0388167087599467,1.0771793192868901,885.8084661461137,99.9994713735261,885.8131487889274,10000,10000,0,80.0,83.5302,11.986371625932723,90.0,90.0,840.0,851.5965,300.10110195689856,933.3333333333334,1063.3333333333333,52.42296336666667,6.494648943203065,48.013333333333335,60.01981666666667,62.403460000000074,111.31666666666666,0.853018901890189,1102873,1102865,1092659,1091310,605333271,604585555,0,0,0,0,0,0,0,6834322,1091310,0,0,0,0,0,6834322,1091310,1091310,0,0,0,0,1092870,1092862,8,0.0007320173087634986,11553,1.057101702867029,66,0,3,885.8074345859769,885.8096694964441,0.001127315440376728,99.99935492005754,99.99960722049701,0.00012726334463924216,1.056227192703129,1.0603021696483472,0.002174564359547963,47.989349000000004,61.280409,7.670774490744279,83.091,84.3098,0.6769582557292565,845.7981,856.7537,5.505873765352784,server-nic0,test/server/nic0/runs
aggregate,loopback,loopback,768,6417904,5659326,88.17867182813603,758577,749379,9198,1.211927101863136,1.18768977827323,1.23665856071686,920.8369398282435,99.99713643447332,920.863309352518,10000,10000,0,110.0,108.12136666666667,8.459377998376894,110.0,110.0,863.3333333333334,871.1532333333333,304.37555448644366,953.3333333333334,1060.0,72.29017879999999,12.416769193150918,69.83966666666667,98.13966666666667,98.55969666666667,116.53666666666666,2.8451982531586495,768580,768572,760301,759379,615844080,615097260,0,0,0,0,0,0,0,6427904,759379,0,0,0,8,0,6427904,759387,759380,0,0,0,0,758577,758569,8,0.0010546122078363006,9190,1.2108852534029295,69,0,3,920.8306907193977,920.8417167681321,0.005658524432444278,99.99645782030959,99.99765518028934,0.0006144803875891122,0.8823548862832239,1.4673726534857332,0.2994703970641052,67.1425046,76.6233046,4.792599397191146,107.9616,108.3328,0.19091737305267442,844.6171,895.1164,25.34777984801296,server-nic0,test/server/nic0/runs
aggregate,loopback,loopback,1024,6211422,5626488,90.58201621168246,584934,573359,11575,1.9787646374586474,1.9434053857234928,2.014754630873739,939.3913116387805,99.99380172717488,939.4495412844037,10000,10000,0,130.0,133.70803333333333,19.873230313232835,140.0,140.0,876.6666666666666,879.8797999999999,292.981219280482,953.3333333333334,1076.6666666666667,87.23246806666667,7.580878669105904,83.45666666666666,101.60615,102.16336333333334,134.16266666666667,0.8428304830483049,594937,594929,584234,583359,622793444,621860694,0,0,0,0,0,0,0,6221422,583359,0,0,0,12,0,6221426,583369,583367,0,0,0,0,584934,584926,8,0.0013676769757429428,11567,1.977424003247527,70,0,3,939.3749495586278,939.4191807196624,0.024257106194966772,99.99206006043987,99.99676826019844,0.0025820552492656444,1.8906538489838314,2.1469188812811884,0.1456817001294047,83.1423278,93.4474253,5.471279007462742,133.4416,134.1155,0.3584035481595192,874.971,888.4282,7.430280888364832,server-nic0,test/server/nic0/runs
aggregate,loopback,loopback,1280,6094623,5620030,92.21213342920584,474593,464303,10290,2.1677931073663586,2.126784198572028,2.2095763464982725,950.8924444732025,99.9922836141352,950.9658246656761,10000,10000,0,160.0,159.25026666666668,22.912882095686662,160.0,170.0,846.6666666666666,855.5231,285.7781513684916,943.3333333333334,1070.033333333334,95.28128586666666,4.251885876152873,94.46933333333334,102.98933333333333,111.09933666666667,135.89933333333335,0.7449223589025569,484596,484588,474984,474303,627929289,627034735,0,0,0,0,0,0,0,6104623,474303,0,0,0,5,0,6104625,474308,474308,0,0,0,0,474593,474585,8,0.0016856614172037782,10282,2.1661439545401566,58,0,3,950.8904338117655,950.8944518381579,0.0020090152245678104,99.99207218051848,99.99249470110628,0.00021126050719913624,1.9205907950215044,2.295200638035054,0.2141173180952161,94.2842959,96.7169637,1.2742854623512005,158.9992,159.5607,0.2854187508439696,827.4673,873.4669,24.610571062858316,server-nic0,test/server/nic0/runs
aggregate,loopback,loopback,1440,6021967,5598027,92.95913282360448,423941,414955,8986,2.1162186153726603,2.073826166762343,2.1594789284959517,956.0554495109668,99.98746576135528,956.1752988047808,10000,10000,0,170.0,174.86936666666665,12.302718783450539,180.0,180.0,836.6666666666666,850.3011333333334,356.3791163939951,940.0,1023.3333333333334,102.16347443333333,3.6442659851618973,101.333,109.01935,109.57943333333334,165.18933333333334,0.751028236156949,433944,433936,425531,424955,630637436,629782816,0,0,0,0,0,0,0,6031967,424955,0,0,0,8,0,6031971,424962,424962,0,0,0,0,423941,423933,8,0.001887122576444181,8978,2.114371328807347,72,0,3,956.0354585681478,956.0792555961452,0.02214636310480674,99.98537504191879,99.98995548109687,0.0023161404747192396,1.297570652781511,2.526608551851147,0.7089707337058647,101.1219842,104.2320984,1.7914952871481002,174.7591,174.9924,0.11717279263265473,831.631,886.903,31.700296390622814,server-nic0,test/server/nic0/runs
aggregate,tx,random,256,0,0,0.0,1000000,1000000,0,0.0,4.2351647362715017e-20,0.0003841444063944942,795.0016540167535,99.99630179429477,795.0310559006211,0,0,0,0.0,0.0,0.0,0.0,0.0,0.0,0.0,0.0,0.0,0.0,0.0,0.0,0.0,0.0,0.0,0.0,0.0,2,1000001,1,1000000,51,298000000,0,0,0,0,0,0,0,1,1000000,0,0,0,0,0,1,1000000,1000000,0,0,0,0,,,,,,,0,0,3,794.9917467066176,795.0143862142693,0.011581097452730062,99.99505564044175,99.99790326601355,0.0014566849139750974,0.0,0.0,0.0,0.0,0.0,0.0,0.0,0.0,0.0,0.0,0.0,0.0,server-nic0,test/server/nic0/runs
aggregate,tx,random,512,0,0,0.0,1000000,1000000,0,0.0,4.2351647362715017e-20,0.0003841444063944942,885.7951141875238,99.99796406257595,885.8131487889274,0,0,0,0.0,0.0,0.0,0.0,0.0,0.0,0.0,0.0,0.0,0.0,0.0,0.0,0.0,0.0,0.0,0.0,0.0,2,1000001,1,1000000,51,554000000,0,0,0,0,0,0,0,1,1000000,0,0,0,0,0,1,1000000,1000000,0,0,0,0,,,,,,,0,0,3,885.7940975110744,885.7959520106807,0.0009400976399831163,99.99784928933614,99.99805864495576,0.00010612821013529936,0.0,0.0,0.0,0.0,0.0,0.0,0.0,0.0,0.0,0.0,0.0,0.0,server-nic0,test/server/nic0/runs
aggregate,tx,random,768,0,0,0.0,1000000,1000000,0,0.0,4.2351647362715017e-20,0.0003841444063944942,920.8549862337096,99.99909616131691,920.863309352518,0,0,0,0.0,0.0,0.0,0.0,0.0,0.0,0.0,0.0,0.0,0.0,0.0,0.0,0.0,0.0,0.0,0.0,0.0,2,1000001,1,1000000,51,810000000,0,0,0,0,0,0,0,1,1000000,0,0,0,0,0,1,1000000,1000000,0,0,0,0,,,,,,,0,0,3,920.8544281863392,920.8560761053302,0.0009439475753659363,99.99903556086026,99.9992145145632,0.00010250680701183931,0.0,0.0,0.0,0.0,0.0,0.0,0.0,0.0,0.0,0.0,0.0,0.0,server-nic0,test/server/nic0/runs
aggregate,tx,random,1024,0,0,0.0,1000000,1000000,0,0.0,4.2351647362715017e-20,0.0003841444063944942,939.4442179112492,99.99943335188101,939.4495412844037,0,0,0,0.0,0.0,0.0,0.0,0.0,0.0,0.0,0.0,0.0,0.0,0.0,0.0,0.0,0.0,0.0,0.0,0.0,2,1000001,1,1000000,51,1066000000,0,0,0,0,0,0,0,1,1000000,0,0,0,0,0,1,1000000,1000000,0,0,0,0,,,,,,,0,0,3,939.443455802403,939.4450191279041,0.0007823961407542954,99.99935222896673,99.99951863763822,8.328240169846928e-05,0.0,0.0,0.0,0.0,0.0,0.0,0.0,0.0,0.0,0.0,0.0,0.0,server-nic0,test/server/nic0/runs
aggregate,tx,random,1280,0,0,0.0,1000000,1000000,0,0.0,4.2351647362715017e-20,0.0003841444063944942,950.9618544060105,99.99958250238204,950.9658246656761,0,0,0,0.0,0.0,0.0,0.0,0.0,0.0,0.0,0.0,0.0,0.0,0.0,0.0,0.0,0.0,0.0,0.0,0.0,2,1000001,1,1000000,51,1322000000,0,0,0,0,0,0,0,1,1000000,0,0,0,0,0,1,1000000,1000000,0,0,0,0,,,,,,,0,0,3,950.9614917325717,950.9624490492487,0.0005191062472073715,99.99954436500323,99.99964503283506,5.458726631623614e-05,0.0,0.0,0.0,0.0,0.0,0.0,0.0,0.0,0.0,0.0,0.0,0.0,server-nic0,test/server/nic0/runs
aggregate,tx,random,1440,0,0,0.0,1000000,1000000,0,0.0,4.2351647362715017e-20,0.0003841444063944942,956.1685904927973,99.99929842237172,956.1752988047808,0,0,0,0.0,0.0,0.0,0.0,0.0,0.0,0.0,0.0,0.0,0.0,0.0,0.0,0.0,0.0,0.0,0.0,0.0,2,1000001,1,1000000,51,1482000000,0,0,0,0,0,0,0,1,1000000,0,0,0,0,0,1,1000000,1000000,0,0,0,0,,,,,,,0,0,3,956.1683132524126,956.1689640266676,0.0003359034225145904,99.99926942764816,99.99933748778899,3.5129899604079904e-05,0.0,0.0,0.0,0.0,0.0,0.0,0.0,0.0,0.0,0.0,0.0,0.0,server-nic0,test/server/nic0/runs
aggregate,loopback,loopback,256,5429112,3486136,64.21186390733256,1942976,1940992,1984,0.10211139870946662,0.09771821231590581,0.10670189102788168,795.0300902560166,99.9998785400146,795.0310559006211,10000,10000,0,60.0,57.3675,17.262392521805207,60.0,60.0,826.6666666666666,828.4457333333334,241.38898437279096,916.6666666666666,1076.7333333333347,35.52071556666667,1.744441837403787,35.53,37.18,38.09987,146.82933333333335,1.1445536220288695,1952979,1952973,5439118,1968601,1620857233,582455926,0,0,0,17597,0,0,0,5439112,1950992,0,0,0,33,0,5439118,1951025,1951024,0,0,0,0,1942976,1942970,6,0.00030880285428944106,1978,0.10180291181313092,52,0,3,795.0298299628619,795.0302553044162,0.0002281064050027053,99.99984580001623,99.99989930000861,2.8691508755083736e-05,0.10036331520102773,0.10370523626523219,0.0016762914305932727,35.4016794,35.6226921,0.11148958116085833,57.3209,57.4348,0.059704857423831664,766.91,863.0763,53.43131393614922,corundum0,test/server/corundum0/runs
aggregate,loopback,loopback,512,5538343,4456027,80.45766892239374,1082315,1081310,1005,0.09288723825624659,0.08732289555567804,0.09880585005463871,885.8089612557484,99.99952726676223,885.8131487889274,10000,10000,0,80.0,82.7698,11.381025639091073,90.0,90.0,790.0,800.0189,249.34740304518022,890.0,990.0,46.4600989,1.4206881827075795,46.43,48.02968333333333,49.25676666666667,117.256,1.170978597859786,1092318,1092314,5548349,1113768,3073785329,605937786,0,0,0,22451,0,0,0,5548343,1091310,0,0,0,19,0,5548349,1091327,1091327,0,0,0,0,1082315,1082311,4,0.00036957248180397826,1001,0.09251801258516282,57,0,3,885.8082201251943,885.8096457535361,0.0007144994715595427,99.99944360007078,99.9996045401453,8.066029190915949e-05,0.09082559822007699,0.09590261172931441,0.0026694984818759694,46.4324887,46.4762072,0.02402180443409526,82.6597,82.9569,0.16287636415391996,785.1238,813.9983,14.459013362951161,corundum0,test/server/corundum0/runs
aggregate,loopback,loopback,768,5412507,4662447,86.14029191165758,750060,749390,670,0.08937060409046427,0.08285927919492139,0.09639316447576979,920.8499169317982,99.99854566681248,920.863309352518,10000,10000,0,110.0,108.87836666666666,6.63803324757867,113.33333333333333,113.33333333333333,803.3333333333334,827.0972666666667,243.28716760908006,920.0,1006.6666666666666,57.9359119,1.3354662904469174,57.88666666666667,59.44635,60.59003333333334,123.72266666666667,1.0054332099876655,760063,760059,5422513,783554,4392233940,616559820,0,0,0,24160,0,0,0,5422507,759390,0,0,0,12,0,5422513,759402,759402,0,0,0,0,750060,750056,4,0.0005332949361864075,666,0.08883777711998735,60,0,3,920.8454622859488,920.8539349658962,0.0042531810141500925,99.99806192011475,99.99898200020279,0.0004618688757532137,0.08772771875933273,0.0917242832040572,0.002090945406053996,57.8727984,57.9765757,0.05541140470507668,107.9886,110.3557,1.288299865455758,799.4919,865.6872,34.43762425260099,corundum0,test/server/corundum0/runs
aggregate,loopback,loopback,1024,5357723,4783679,89.28560576221867,574044,573379,665,0.1159027235744175,0.10742932222062496,0.12504376163860365,939.4234784527523,99.99722573374024,939.4495412844037,10000,10000,0,130.0,133.4857,7.145290482042148,140.0,140.0,786.6666666666666,802.6005666666666,248.69298375642782,870.0,996.6666666666666,68.29886986666668,1.2654080600100936,68.27,69.66968333333334,70.68307,134.45933333333332,0.979011067773444,584047,584042,5367729,602175,5721996417,623013858,0,0,0,18793,0,0,0,5367723,583379,0,0,0,10,0,5367729,583388,583388,0,0,0,0,574044,574039,5,0.0008710039660190756,660,0.11503272851748242,51,0,3,939.4157631953907,939.4289378436061,0.00687091982020113,99.99640448075937,99.99780686030573,0.0007313772074192557,0.1123656185596644,0.12019398263632436,0.003968297150455576,68.2746415,68.33263310000001,0.030148659661808266,133.3424,133.5705,0.12479619385221859,797.0525,808.7166,5.852755488087052,corundum0,test/server/corundum0/runs
aggregate,loopback,loopback,1280,5759784,5293892,91.91112994152866,465892,464304,1588,0.34092280720158447,0.3245898002355214,0.3580747232320318,950.8944562757513,99.99249516774697,950.9658246656761,10000,10000,0,160.0,158.9113,7.127195381070381,160.0,166.66666666666666,800.0,809.398,243.46736418442666,863.3333333333334,983.3666666666674,79.50459016666667,1.193767951045413,79.483,80.79,81.81303,143.09566666666666,0.945021468813548,475895,475893,4579207,494496,6053713431,628248639,0,0,0,20188,0,0,0,5769784,474304,0,0,0,10,0,5769790,474314,474314,0,0,0,0,465892,465890,2,0.0005008304588918233,1586,0.3404236821472365,63,0,3,950.8800949209119,950.9087840324102,0.014344585259528581,99.99098498152715,99.99400182090812,0.0015084227936919853,0.3393592313867579,0.34170716211343305,0.0013540988095573985,79.4795126,79.5221588,0.022292659183308798,158.7932,159.1224,0.1832482196366416,807.6046,812.676,2.8430269713810494,corundum0,test/server/corundum0/runs
aggregate,loopback,loopback,1440,5711265,5294819,92.70813038176108,416446,414961,1485,0.35658884954102943,0.3389369693095624,0.37515658133834695,956.0700363466628,99.98899130125515,956.1752988047808,10000,10000,0,170.0,174.86963333333333,10.167535574224173,180.0,180.0,800.0,812.5480333333334,244.73413352522698,866.6666666666666,1000.0333333333341,86.34082153333333,1.2447871519819098,86.31,87.713,88.9865,149.683,0.9312441244124412,426449,426447,4100713,447397,6077253391,631144110,0,0,0,22433,0,0,0,5721265,424961,0,0,0,8,0,5721271,424969,424969,0,0,0,0,416446,416444,2,0.00048025434281620126,1483,0.3561103054334207,72,0,3,956.0492997752193,956.0839188572866,0.01829901153303407,99.98682260149168,99.99044318049121,0.0019137716228285228,0.3565837119283855,0.3565965560216791,6.796469322900025e-06,86.3254842,86.3706247,0.02581397752348809,174.8153,174.9763,0.09238145557055522,801.6059,820.21,9.726137682725529,corundum0,test/server/corundum0/runs
aggregate,tx,random,256,0,0,0.0,1000000,1000000,0,0.0,4.2351647362715017e-20,0.0003841444063944942,795.0245767798491,99.9991850480904,795.0310559006211,0,0,0,0.0,0.0,0.0,0.0,0.0,0.0,0.0,0.0,0.0,0.0,0.0,0.0,0.0,0.0,0.0,0.0,0.0,2,1000001,1,1000000,51,298000000,0,0,0,0,0,0,0,1,1000000,0,0,0,0,0,1,1000000,1000000,0,0,0,0,,,,,,,0,0,3,795.0241540663209,795.0252928931311,0.0006235336298615323,99.99913187865444,99.99927512171415,7.842883937602501e-05,0.0,0.0,0.0,0.0,0.0,0.0,0.0,0.0,0.0,0.0,0.0,0.0,corundum0,test/server/corundum0/runs
aggregate,tx,random,512,0,0,0.0,1000000,1000000,0,0.0,4.2351647362715017e-20,0.0003841444063944942,885.8103907210823,99.99968863999717,885.8131487889274,0,0,0,0.0,0.0,0.0,0.0,0.0,0.0,0.0,0.0,0.0,0.0,0.0,0.0,0.0,0.0,0.0,0.0,0.0,2,1000001,1,1000000,51,554000000,0,0,0,0,0,0,0,1,1000000,0,0,0,0,0,1,1000000,1000000,0,0,0,0,,,,,,,0,0,3,885.8096948207617,885.8111122279555,0.0007090504635881391,99.99961007937506,99.99977009135903,8.004514997974075e-05,0.0,0.0,0.0,0.0,0.0,0.0,0.0,0.0,0.0,0.0,0.0,0.0,corundum0,test/server/corundum0/runs
aggregate,tx,random,768,0,0,0.0,1000000,1000000,0,0.0,4.2351647362715017e-20,0.0003841444063944942,920.862766708263,99.99994107222544,920.863309352518,0,0,0,0.0,0.0,0.0,0.0,0.0,0.0,0.0,0.0,0.0,0.0,0.0,0.0,0.0,0.0,0.0,0.0,0.0,2,1000001,1,1000000,51,810000000,0,0,0,0,0,0,0,1,1000000,0,0,0,0,0,1,1000000,1000000,0,0,0,0,,,,,,,0,0,3,920.861889276382,920.8634021013498,0.0007849184220367996,99.9998457886071,100.00001007194345,8.52372348969461e-05,0.0,0.0,0.0,0.0,0.0,0.0,0.0,0.0,0.0,0.0,0.0,0.0,corundum0,test/server/corundum0/runs
aggregate,tx,random,1024,0,0,0.0,1000000,1000000,0,0.0,4.2351647362715017e-20,0.0003841444063944942,939.4502330516342,100.00007363537904,939.4495412844037,0,0,0,0.0,0.0,0.0,0.0,0.0,0.0,0.0,0.0,0.0,0.0,0.0,0.0,0.0,0.0,0.0,0.0,0.0,2,1000001,1,1000000,51,1066000000,0,0,0,0,0,0,0,1,1000000,0,0,0,0,0,1,1000000,1000000,0,0,0,0,,,,,,,0,0,3,939.4499985121324,939.4504381794609,0.00022130437163933781,100.00004866974845,100.00009547027464,2.3556813007403078e-05,0.0,0.0,0.0,0.0,0.0,0.0,0.0,0.0,0.0,0.0,0.0,0.0,corundum0,test/server/corundum0/runs
aggregate,tx,random,1280,0,0,0.0,1000000,1000000,0,0.0,4.2351647362715017e-20,0.0003841444063944942,950.9671844393374,100.00014298869907,950.9658246656761,0,0,0,0.0,0.0,0.0,0.0,0.0,0.0,0.0,0.0,0.0,0.0,0.0,0.0,0.0,0.0,0.0,0.0,0.0,2,1000001,1,1000000,51,1322000000,0,0,0,0,0,0,0,1,1000000,0,0,0,0,0,1,1000000,1000000,0,0,0,0,,,,,,,0,0,3,950.9667605307171,950.9674582136956,0.0003722843095162819,100.00009841205821,100.00017177778393,3.914802193290637e-05,0.0,0.0,0.0,0.0,0.0,0.0,0.0,0.0,0.0,0.0,0.0,0.0,corundum0,test/server/corundum0/runs
aggregate,tx,random,1440,0,0,0.0,1000000,1000000,0,0.0,4.2351647362715017e-20,0.0003841444063944942,956.1763625459179,100.00011124959391,956.1752988047808,0,0,0,0.0,0.0,0.0,0.0,0.0,0.0,0.0,0.0,0.0,0.0,0.0,0.0,0.0,0.0,0.0,0.0,0.0,2,1000001,1,1000000,51,1482000000,0,0,0,0,0,0,0,1,1000000,0,0,0,0,0,1,1000000,1000000,0,0,0,0,,,,,,,0,0,3,956.1757614960732,956.1768892583716,0.0005675442592580086,100.00004838979764,100.00016633493804,5.9355670459049265e-05,0.0,0.0,0.0,0.0,0.0,0.0,0.0,0.0,0.0,0.0,0.0,0.0,corundum0,test/server/corundum0/runs
aggregate,loopback,loopback,256,1147548,23,0.0019786410675690144,1147525,1147508,17,0.0015111863244366074,0.000948099308004637,0.0024090686107893426,470.0189160462366,59.1195667839407,795.0310559006211,10000,10000,0,160.0,158.83633333333333,10.902096595813587,167.0,185.0,4864.0,4910.353566666667,290.4536545151629,5160.949999999996,5321.056666666668,92.95637326666667,0.7087908904931747,92.858,93.96266666666666,94.54339333333333,123.44466666666666,0.31775337533753373,1157528,1157520,1157554,1157514,344951185,328735301,0,0,0,0,0,0,0,1157548,1157508,0,0,0,11,0,1157554,1157519,1157519,0,0,0,0,1147525,1147517,8,0.000697248686760721,9,0.0008139433170546132,29,0,3,462.2464815312677,473.93396705953694,6.731187495723472,58.14194025510477,59.612006794207375,0.8466571771964644,0.0013829572986003608,0.0015949669930441718,0.00011277752426696524,92.5687592,93.2123917,0.3413997023993471,153.6286,161.5512,4.511395111640439,4862.0689,4935.5136,41.82813036251224,raspberry,test/raspberry/eth0/runs
aggregate,loopback,loopback,512,1929922,945859,38.05127459586914,984063,983052,1011,0.09490587825295396,0.09001151838982212,0.10019603313370012,805.3159334868478,90.91261905378869,885.8131487889274,10000,10000,0,204.0,213.41566666666665,50.475108909867856,234.66666666666666,241.0,4907.666666666667,4964.482166666667,360.7170950376776,5253.333333333333,5419.723333333334,107.07770830000001,1.0270753052862198,106.93833333333333,108.18591666666666,108.95072333333334,160.451,0.37348814881488146,994066,994058,993123,993072,550190391,536266800,0,0,0,0,0,0,0,994074,993052,0,0,945848,85,0,1939928,993137,993137,0,945848,0,0,984063,984055,8,0.000794594955730414,1003,0.09411194623417937,17,0,3,670.6933264433487,876.9320998071628,116.66604728499956,75.71498880551866,98.99741282979299,13.170502994283162,0.0020763739183007933,0.14140833659140906,0.08039275681698879,106.98085760000001,107.13672340000001,0.08454103366371854,212.778,214.3464,0.8242485628336432,4938.7483,4983.5815,23.141234409022562,raspberry,test/raspberry/eth0/runs
aggregate,loopback,loopback,768,2637778,1888353,71.58064831070894,749425,748008,1418,0.18917526696926548,0.1795909758358073,0.1992702040713177,919.132452985481,99.81203981639207,920.863309352518,10000,10000,0,271.6666666666667,276.33823333333333,26.484397114673403,297.0,315.0,4975.0,5031.304733333333,360.9793566244896,5302.333333333333,5487.666666666667,127.4183496,1.4620297258814385,127.29,128.46266666666668,129.15445666666668,239.14866666666666,0.39384881821515483,759428,759422,758051,758016,614023200,603384716,0,0,0,0,0,0,0,759438,758008,0,0,1888341,57,0,2647784,758061,758061,0,1888343,0,0,749425,749419,6,0.0008003993454491229,1412,0.18837637176493166,16,0,3,918.2118862079586,920.7848787503074,1.4341498661990368,99.71207201789551,99.99148292679119,0.1557397120325557,0.18009017829194057,0.1974033051029689,0.008688325023813767,127.2012925,127.7562139,0.2965303099572991,270.7284,286.4645,8.78662838313611,4998.8586,5053.3407,28.694136729013838,raspberry,test/raspberry/eth0/runs
aggregate,loopback,loopback,1024,2800175,2225409,79.47371232393233,574766,573342,1424,0.24769504408768347,0.23517310618515766,0.2608820187696571,939.3633675351186,99.99082720832806,939.4495412844037,10000,10000,0,339.0,334.8316,67.17802761397361,364.0,370.6666666666667,5018.666666666667,5071.387366666667,308.32222898145386,5333.333333333333,5518.666666666667,137.98926893333334,0.7737133055215026,137.883,139.012,139.72245333333333,168.253,0.4182067540087342,584769,584764,583369,583346,621872775,613681395,0,0,0,0,0,0,0,584772,583342,0,0,2225403,29,0,2810180,583370,583370,0,2225406,0,0,574766,574761,5,0.0008699242824160795,1419,0.24682726763603244,10,0,3,939.3387555936386,939.3764493065809,0.021328680557496035,99.98820738252599,99.9922197015794,0.002270338067147423,0.24236961975982269,0.2510569445169372,0.004664651373274806,136.1134429,141.7304877,3.2399946926625267,329.0657,344.5751,8.485360829687815,5036.5286,5128.7654,50.07239605774189,raspberry,test/raspberry/eth0/runs
aggregate,loopback,loopback,1280,2684680,2218981,82.60337565059096,465699,464299,1400,0.3006946922522689,0.2853739768780435,0.3168353197304688,950.8838982395647,99.99138492425423,950.9658246656761,10000,10000,0,395.0,400.16326666666663,31.27873130835286,426.0,444.6666666666667,5154.333333333333,5179.5515000000005,329.2001184934605,5431.666666666667,5636.120000000003,156.52760856666666,1.5098163932631399,156.42566666666667,157.43233333333333,158.10533333333333,273.9626666666667,0.39145271193786046,475702,475698,474329,474308,627062938,620396172,0,0,0,0,0,0,0,475707,474299,0,0,2218973,16,0,2694686,474314,474314,0,2218977,0,0,465699,465695,4,0.0008589134460858379,1396,0.2998383630539428,10,0,3,950.8775077738032,950.8923578152762,0.007638183352501843,99.990712926839,99.99227450151264,0.0008032027181597711,0.2986939921922979,0.3036224259732451,0.0025916999131405803,156.4973594,156.5534524,0.028304794356846817,396.3656,406.2086,5.292463163153185,5177.5922,5180.7808,1.7150706953360555,raspberry,test/raspberry/eth0/runs
aggregate,loopback,loopback,1440,2765435,2349015,84.94096892487889,416420,414953,1466,0.3521283158980347,0.3345902718034537,0.37058235178011906,956.0522445547643,99.98713057635243,956.1752988047808,10000,10000,0,438.0,437.6893666666667,70.41579730744019,463.0,482.0,5173.0,5210.249333333333,261.6861441392222,5468.666666666667,5691.846666666671,165.6534534,0.7405440052994245,165.56133333333332,166.61701666666667,167.35767333333334,197.64833333333334,0.46564366436643667,426423,426419,425004,424965,629857410,623855960,0,0,0,0,0,0,0,426430,424953,0,0,2349005,36,0,2775441,424992,424992,0,2349009,0,0,416420,416416,4,0.0009605621223609982,1462,0.3511711346721179,12,0,3,956.026233965122,956.0882863052492,0.03221942534719776,99.98441030218567,99.99089994275732,0.003369614900904421,0.3412666010230793,0.3604334806924357,0.00983586703349959,165.2657528,165.8516468,0.3357866568937464,421.3785,447.4431,14.215760319213816,5126.3042,5296.3909,85.06462025286069,raspberry,test/raspberry/eth0/runs
aggregate,tx,random,256,0,0,0.0,1000000,1000000,0,0.0,4.2351647362715017e-20,0.0003841444063944942,795.0198315971785,99.99858819308261,795.0310559006211,0,0,0,0.0,0.0,0.0,0.0,0.0,0.0,0.0,0.0,0.0,0.0,0.0,0.0,0.0,0.0,0.0,0.0,0.0,2,1000001,1,1000000,51,284000000,0,0,0,0,0,0,0,1,1000000,0,0,0,0,0,1,1000000,1000000,0,0,0,0,,,,,,,0,0,3,795.0180884025543,795.0212548563702,0.0016072885406071518,99.99836893188377,99.99876721240281,0.00020216676175250522,0.0,0.0,0.0,0.0,0.0,0.0,0.0,0.0,0.0,0.0,0.0,0.0,raspberry,test/raspberry/eth0/runs
aggregate,tx,random,512,0,0,0.0,1000000,1000000,0,0.0,4.2351647362715017e-20,0.0003841444063944942,885.805189760941,99.99910150035622,885.8131487889274,0,0,0,0.0,0.0,0.0,0.0,0.0,0.0,0.0,0.0,0.0,0.0,0.0,0.0,0.0,0.0,0.0,0.0,0.0,2,1000001,1,1000000,51,540000000,0,0,0,0,0,0,0,1,1000000,0,0,0,0,0,1,1000000,1000000,0,0,0,0,,,,,,,0,0,3,885.8041526278521,885.8057349550717,0.0008985782166033681,99.9989844177536,99.99916304766239,0.00010144105648805926,0.0,0.0,0.0,0.0,0.0,0.0,0.0,0.0,0.0,0.0,0.0,0.0,raspberry,test/raspberry/eth0/runs
aggregate,tx,random,768,0,0,0.0,1000000,1000000,0,0.0,4.2351647362715017e-20,0.0003841444063944942,920.8582048394853,99.99944568178788,920.863309352518,0,0,0,0.0,0.0,0.0,0.0,0.0,0.0,0.0,0.0,0.0,0.0,0.0,0.0,0.0,0.0,0.0,0.0,0.0,2,1000001,1,1000000,51,796000000,0,0,0,0,0,0,0,1,1000000,0,0,0,0,0,1,1000000,1000000,0,0,0,0,,,,,,,0,0,3,920.8561507724861,920.8595730531322,0.0018112971376669268,99.99922262294967,99.99959426123858,0.00019669554854434085,0.0,0.0,0.0,0.0,0.0,0.0,0.0,0.0,0.0,0.0,0.0,0.0,raspberry,test/raspberry/eth0/runs
aggregate,tx,random,1024,0,0,0.0,1000000,1000000,0,0.0,4.2351647362715017e-20,0.0003841444063944942,939.4446685271896,99.9994813178356,939.4495412844037,0,0,0,0.0,0.0,0.0,0.0,0.0,0.0,0.0,0.0,0.0,0.0,0.0,0.0,0.0,0.0,0.0,0.0,0.0,2,1000001,1,1000000,51,1052000000,0,0,0,0,0,0,0,1,1000000,0,0,0,0,0,1,1000000,1000000,0,0,0,0,,,,,,,0,0,3,939.4429899623601,939.4456195298806,0.001457966506862847,99.9993026424778,99.99958254761422,0.00015519370042320203,0.0,0.0,0.0,0.0,0.0,0.0,0.0,0.0,0.0,0.0,0.0,0.0,raspberry,test/raspberry/eth0/runs
aggregate,tx,random,1280,0,0,0.0,1000000,1000000,0,0.0,4.2351647362715017e-20,0.0003841444063944942,950.9615856695989,99.99955424306876,950.9658246656761,0,0,0,0.0,0.0,0.0,0.0,0.0,0.0,0.0,0.0,0.0,0.0,0.0,0.0,0.0,0.0,0.0,0.0,0.0,2,1000001,1,1000000,51,1308000000,0,0,0,0,0,0,0,1,1000000,0,0,0,0,0,1,1000000,1000000,0,0,0,0,,,,,,,0,0,3,950.9606017123936,950.963033507924,0.0012805454484252341,99.9994507738189,99.99970649231764,0.00013465735731198978,0.0,0.0,0.0,0.0,0.0,0.0,0.0,0.0,0.0,0.0,0.0,0.0,raspberry,test/raspberry/eth0/runs
aggregate,tx,random,1440,0,0,0.0,1000000,1000000,0,0.0,4.2351647362715017e-20,0.0003841444063944942,956.1719445321629,99.9996491989887,956.1752988047808,0,0,0,0.0,0.0,0.0,0.0,0.0,0.0,0.0,0.0,0.0,0.0,0.0,0.0,0.0,0.0,0.0,0.0,0.0,2,1000001,1,1000000,51,1468000000,0,0,0,0,0,0,0,1,1000000,0,0,0,0,0,1,1000000,1000000,0,0,0,0,,,,,,,0,0,3,956.1705639827484,956.1726538540806,0.0011957425770743949,99.99950481652911,99.99972338223927,0.00012505474451536156,0.0,0.0,0.0,0.0,0.0,0.0,0.0,0.0,0.0,0.0,0.0,0.0,raspberry,test/raspberry/eth0/runs
